{
    "wal_level": [
        0.5266985893249512,
        0.5804958939552307
    ],
    "bgwriter_lru_maxpages": [
        923.2178330421448,
        977.0151376724243
    ],
    "geqo": [
        0.2844833731651306,
        0.33828067779541016
    ],
    "lo_compat_privileges": [
        0.5236518383026123,
        0.5774491429328918
    ],
    "archive_timeout": [
        415814815.6127423,
        473579199.558945
    ],
    "enable_nestloop": [
        0.4107883870601654,
        0.46458566188812256
    ],
    "autovacuum_naptime": [
        1862123.730987668,
        1977652.47432971
    ],
    "vacuum_freeze_min_age": [
        507154703.1402588,
        560952007.7705383
    ],
    "vacuum_cost_page_miss": [
        1826.2314796447754,
        2364.204227924347
    ],
    "geqo_generations": [
        1458.9259033203125,
        1679.279541015625
    ],
    "max_replication_slots": [
        74805.12870249152,
        88907.71553018689
    ],
    "max_wal_size": [
        822.108323097229,
        1261.0940856933594
    ],
    "cpu_index_tuple_cost": [
        8.558101654052734,
        9.41885757446289
    ],
    "statement_timeout": [
        36702.40234375,
        37126.703125
    ],
    "enable_indexscan": [
        0.1497596949338913,
        0.20355698466300964
    ],
    "from_collapse_limit": [
        165.34338197112083,
        192.83380463719368
    ],
    "max_locks_per_transaction": [
        454.4032657146454,
        481.4095126390457
    ],
    "max_pred_locks_per_transaction": [
        224.01366555690765,
        251.01989752054214
    ],
    "autovacuum": [
        0.37534552812576294,
        0.4291428327560425
    ],
    "effective_io_concurrency": [
        683.4785342216492,
        737.2758388519287
    ],
    "standard_conforming_strings": [
        0.03682417795062065,
        0.0906214639544487
    ],
    "cpu_tuple_cost": [
        4.62437629699707,
        5.162349343299866
    ],
    "enable_sort": [
        0.34095707535743713,
        0.3947543501853943
    ],
    "synchronize_seqscans": [
        0.08702371269464493,
        0.14082099497318268
    ],
    "gin_fuzzy_search_limit": [
        12257.140625,
        19308.458984375
    ],
    "autovacuum_work_mem": [
        544834.7695953846,
        601245.3233926296
    ],
    "cursor_tuple_fraction": [
        0.3049405515193939,
        0.35873785614967346
    ],
    "commit_siblings": [
        707.6501846313477,
        761.4474892616272
    ],
    "effective_cache_size": [
        932982.6727384925,
        989393.1814411879
    ],
    "dynamic_shared_memory_type": [
        1.5983821153640747,
        1.7059767246246338
    ],
    "autovacuum_vacuum_cost_delay": [
        30.784905433654785,
        36.21843320131302
    ],
    "enable_bitmapscan": [
        0.3234320878982544,
        0.37722939252853394
    ],
    "log_min_duration_statement": [
        61943.30846196413,
        65469.02241551876
    ],
    "autovacuum_vacuum_threshold": [
        220.74668884277344,
        248.2908935546875
    ],
    "maintenance_work_mem": [
        396408.3800048828,
        452763.822845459
    ],
    "transaction_deferrable": [
        0.36036965250968933,
        0.4141669273376465
    ],
    "checkpoint_flush_after": [
        46.301544189453125,
        48.119239807128906
    ],
    "enable_indexonlyscan": [
        0.2822854518890381,
        0.33608272671699524
    ],
    "vacuum_multixact_freeze_table_age": [
        1700202822.6852417,
        1807797431.9458008
    ],
    "parallel_setup_cost": [
        4219.329953193665,
        4488.316178321838
    ],
    "autovacuum_multixact_freeze_max_age": [
        634417984.1217399,
        742011995.8049059
    ],
    "autovacuum_freeze_max_age": [
        1926475267.4162388,
        2000000000.0
    ],
    "temp_buffers": [
        29372.704590678215,
        32892.98306632042
    ],
    "wal_compression": [
        0.5446619391441345,
        0.7598510980606079
    ],
    "enable_seqscan": [
        0.8795499205589294,
        0.9333471655845642
    ],
    "log_rotation_size": [
        320505.96875,
        376916.53125
    ],
    "autovacuum_vacuum_cost_limit": [
        5327.789313495159,
        5865.816157102585
    ],
    "wal_log_hints": [
        0.48389363288879395,
        0.5376909375190735
    ],
    "bgwriter_lru_multiplier": [
        4.233420789241791,
        4.771393537521362
    ],
    "geqo_pool_size": [
        1170.36181640625,
        1390.715576171875
    ],
    "bgwriter_delay": [
        2320.0810849666595,
        2534.7320926189423
    ],
    "wal_writer_flush_after": [
        23334.603515625,
        25097.43359375
    ],
    "vacuum_cost_delay": [
        84.64722037315369,
        90.02694487571716
    ],
    "default_statistics_target": [
        915.3109403476119,
        1453.2299658507109
    ],
    "geqo_threshold": [
        79.95594811439514,
        107.3925658762455
    ],
    "autovacuum_analyze_threshold": [
        382.6695861816406,
        410.2137756347656
    ],
    "default_transaction_isolation": [
        0.6197479069232941,
        0.7811397314071655
    ],
    "enable_tidscan": [
        0.9161718487739563,
        0.9699690937995911
    ],
    "vacuum_cost_page_hit": [
        2374.7259378433228,
        2912.698984146118
    ],
    "autovacuum_analyze_scale_factor": [
        66.34430885314941,
        71.72403335571289
    ],
    "ignore_system_indexes": [
        0.6585379242897034,
        0.7123352289199829
    ],
    "shared_buffers": [
        124341.20454311371,
        131072.0
    ],
    "enable_material": [
        0.8355231285095215,
        0.889320433139801
    ],
    "bgwriter_flush_after": [
        86.96753692626953,
        100.73963928222656
    ],
    "geqo_selection_bias": [
        1.8400067389011383,
        1.866905391216278
    ],
    "transform_null_equals": [
        0.7128884196281433,
        0.7666857242584229
    ],
    "geqo_effort": [
        8.874498963356018,
        9.358674705028534
    ],
    "min_wal_size": [
        33.66140004992485,
        45.71199190616608
    ],
    "enable_hashagg": [
        0.7714332938194275,
        0.825230598449707
    ],
    "checkpoint_timeout": [
        80154.20686125755,
        84800.6800621748
    ],
    "zero_damaged_pages": [
        0.6951196789741516,
        0.7489169836044312
    ],
    "vacuum_cost_limit": [
        7099.0721843242645,
        7636.99143332243
    ],
    "track_activities": [
        0.8123283386230469,
        0.8661256432533264
    ],
    "restart_after_crash": [
        0.5794903039932251,
        0.6332876086235046
    ],
    "wal_buffers": [
        93259.5390625,
        107362.171875
    ],
    "vacuum_freeze_table_age": [
        1608705163.0020142,
        1716299772.2625732
    ],
    "commit_delay": [
        66543.99037361145,
        71923.7208366394
    ],
    "wal_writer_delay": [
        3498.1661652326584,
        4036.0854142308235
    ],
    "vacuum_multixact_freeze_min_age": [
        763404369.354248,
        817201673.9845276
    ],
    "backend_flush_after": [
        189.02906799316406,
        202.80117797851562
    ],
    "huge_pages": [
        1.847252368927002,
        1.954846978187561
    ],
    "work_mem": [
        31596.54553794861,
        35118.76071548462
    ],
    "checkpoint_completion_target": [
        0.24874968826770782,
        0.30254697799682617
    ],
    "max_files_per_process": [
        1942.1057891845703,
        2159.0162811279297
    ],
    "full_page_writes": [
        0.9128307700157166,
        0.9666280746459961
    ],
    "max_worker_processes": [
        138.9607696533203,
        152.73287963867188
    ],
    "max_prepared_transactions": [
        82048.32763427496,
        82331.0843681395
    ],
    "wal_retrieve_retry_interval": [
        82371.00924402475,
        90440.54220062494
    ],
    "seq_page_cost": [
        73.85939359664917,
        79.23911809921265
    ],