{
    "wal_level": [
        0.0,
        0.05428481101989746
    ],
    "bgwriter_lru_maxpages": [
        110.89543253183365,
        219.46504712104797
    ],
    "geqo": [
        0.23403391242027283,
        0.34260353446006775
    ],
    "lo_compat_privileges": [
        0.6841103434562683,
        0.7926799058914185
    ],
    "archive_timeout": [
        0.0,
        109064887.8984254
    ],
    "enable_nestloop": [
        0.14319850504398346,
        0.2517681419849396
    ],
    "autovacuum_naptime": [
        1.0,
        116635.65449335426
    ],
    "vacuum_freeze_min_age": [
        231389641.7617798,
        339959263.8015747
    ],
    "vacuum_cost_page_miss": [
        1466.7920768260956,
        2552.4884462356567
    ],
    "geqo_generations": [
        0.0,
        222.3505859375
    ],
    "max_replication_slots": [
        63010.34947742522,
        91471.11981403828
    ],
    "max_wal_size": [
        581.0359437465668,
        1466.9639987945557
    ],
    "cpu_index_tuple_cost": [
        0.0,
        0.8735569715499878
    ],
    "statement_timeout": [
        8601.41796875,
        15716.5849609375
    ],
    "enable_indexscan": [
        0.24263793230056763,
        0.35120755434036255
    ],
    "from_collapse_limit": [
        47.08079323917627,
        102.55982060730457
    ],
    "max_locks_per_transaction": [
        206.87377440929413,
        261.3757246732712
    ],
    "max_pred_locks_per_transaction": [
        77.08375984430313,
        90.59535109996796
    ],
    "autovacuum": [
        0.1107039600610733,
        0.21927358210086823
    ],
    "effective_io_concurrency": [
        217.81612932682037,
        326.3857662677765
    ],
    "standard_conforming_strings": [
        0.0,
        0.08550255000591278
    ],
    "cpu_tuple_cost": [
        7.02022910118103,
        8.10592532157898
    ],
    "enable_sort": [
        0.0,
        0.017522867769002914
    ],
    "synchronize_seqscans": [
        0.008914201520383358,
        0.018478747457265854
    ],
    "gin_fuzzy_search_limit": [
        6362.8076171875,
        20593.24609375
    ],
    "autovacuum_work_mem": [
        299385.2230166793,
        413228.8315863013
    ],
    "cursor_tuple_fraction": [
        0.04211568832397461,
        0.15068531036376953
    ],
    "commit_siblings": [
        349.0285277366638,
        457.59814977645874
    ],
    "effective_cache_size": [
        481479.00957635045,
        595322.3697567582
    ],
    "dynamic_shared_memory_type": [
        0.2610818147659302,
        0.47822105884552
    ],
    "autovacuum_vacuum_cost_delay": [
        -1.0,
        7.482765771448612
    ],
    "enable_bitmapscan": [
        0.17969714105129242,
        0.28826677799224854
    ],
    "log_min_duration_statement": [
        27984.555925428867,
        35099.88324505091
    ],
    "autovacuum_vacuum_threshold": [
        22.2061767578125,
        77.7938232421875
    ],
    "maintenance_work_mem": [
        102500.15688323975,
        216232.30207824707
    ],
    "transaction_deferrable": [
        0.9457153081893921,
        1.0
    ],
    "checkpoint_flush_after": [
        18.10308837890625,
        45.89691162109375
    ],
    "enable_indexonlyscan": [
        0.36028677225112915,
        0.4688563942909241
    ],
    "vacuum_multixact_freeze_table_age": [
        0.0,
        199313655.49564362
    ],
    "parallel_setup_cost": [
        1703.6724090576172,
        2246.520519256592
    ],
    "autovacuum_multixact_freeze_max_age": [
        716301780.0420523,
        933439938.4254217
    ],
    "autovacuum_freeze_max_age": [
        91435803.45772207,
        308564183.12489986
    ],
    "temp_buffers": [
        100.0,
        4576.180936455727
    ],
    "wal_compression": [
        0.8313859701156616,
        1.2656644582748413
    ],
    "enable_seqscan": [
        0.03322036564350128,
        0.14178992807865143
    ],
    "log_rotation_size": [
        70305.9140625,
        184149.421875
    ],
    "autovacuum_vacuum_cost_limit": [
        2974.522375047207,
        4060.327165067196
    ],
    "wal_log_hints": [
        0.9457151889801025,
        1.0
    ],
    "bgwriter_lru_multiplier": [
        1.4571519196033478,
        2.542847990989685
    ],
    "geqo_pool_size": [
        0.0,
        222.3505859375
    ],
    "bgwriter_delay": [
        113.81467841565609,
        547.00553804636
    ],
    "wal_writer_flush_after": [
        0.0,
        1906.7938232421875
    ],
    "vacuum_cost_delay": [
        0.0,
        5.428441613912582
    ],
    "default_statistics_target": [
        3480.8405297100544,
        4566.428180485964
    ],
    "geqo_threshold": [
        50.979500979185104,
        106.35000821948051
    ],
    "autovacuum_analyze_threshold": [
        126.43785858154297,
        182.0255126953125
    ],
    "default_transaction_isolation": [
        1.8371456265449524,
        2.162854313850403
    ],
    "enable_tidscan": [
        0.2535167634487152,
        0.36208638548851013
    ],
    "vacuum_cost_page_hit": [
        3532.070517539978,
        4617.766737937927
    ],
    "autovacuum_analyze_scale_factor": [
        0.0,
        5.515801906585693
    ],
    "ignore_system_indexes": [
        0.7383753657341003,
        0.8469449877738953
    ],
    "shared_buffers": [
        29401.63510465622,
        43630.33549070358
    ],
    "enable_material": [
        0.0,
        0.05428480729460716
    ],
    "bgwriter_flush_after": [
        61.17070388793945,
        66.82929992675781
    ],
    "geqo_selection_bias": [
        1.7235986292362213,
        1.7778834402561188
    ],
    "transform_null_equals": [
        0.8121870756149292,
        0.9207546710968018
    ],
    "geqo_effort": [
        5.055746257305145,
        6.0328256487846375
    ],
    "min_wal_size": [
        67.84092044830322,
        92.1590805053711
    ],
    "enable_hashagg": [
        0.01908711902797222,
        0.0280612800270319
    ],
    "checkpoint_timeout": [
        34812.06704825163,
        44189.22272980213
    ],
    "zero_damaged_pages": [
        0.5994130373001099,
        0.7079825401306152
    ],
    "vacuum_cost_limit": [
        3548.369712948799,
        4633.957363724709
    ],
    "track_activities": [
        0.037098780274391174,
        0.1456684023141861
    ],
    "restart_after_crash": [
        0.0,
        0.05428478866815567
    ],
    "wal_buffers": [
        -1.0,
        14229.4375
    ],
    "vacuum_freeze_table_age": [
        41430383.920669556,
        258569628.0002594
    ],
    "commit_delay": [
        17055.743932724,
        27912.70613670349
    ],
    "wal_writer_delay": [
        2769.43696051836,
        3855.0246112942696
    ],
    "vacuum_multixact_freeze_min_age": [
        225913122.2963333,
        334482729.43496704
    ],
    "backend_flush_after": [
        22.930753707885742,
        50.72364044189453
    ],
    "huge_pages": [
        1.7251152992248535,
        1.9422541856765747
    ],
    "work_mem": [
        979.2379076480865,
        8087.503567695618
    ],
    "checkpoint_completion_target": [
        0.7750301361083984,
        0.8835997581481934
    ],
    "max_files_per_process": [
        1861.9177989959717,
        2299.66943359375
    ],
    "full_page_writes": [
        0.0,
        0.05428415164351463
    ],
    "max_worker_processes": [
        39.35942840576172,
        67.15325164794922
    ],
    "max_prepared_transactions": [
        45086.27722759545,
        73547.04756420851
    ],
    "wal_retrieve_retry_interval": [
        33471.50436511636,
        49756.839101463556
    ],
    "seq_page_cost": [
        5.47882504761219,
        16.335785388946533
    ],
    "enable_mergejoin": [
        0.26501062512397766,
        0.3735802471637726
    ],
    "wal_receiver_timeout": [
        61094.35546875,
        65536.0
    ],
    "vacuum_cost_page_dirty": [
        0.0,
        894.8544412851334
    ],