{
    "wal_level": [
        0.6238871216773987,
        0.6486681699752808
    ],
    "bgwriter_lru_maxpages": [
        887.2261047363281,
        1000.0
    ],
    "geqo": [
        0.37157443165779114,
        0.5215272903442383
    ],
    "lo_compat_privileges": [
        0.7497575879096985,
        0.9005001187324524
    ],
    "archive_timeout": [
        851345663.2071226,
        1013206655.0563778
    ],
    "enable_nestloop": [
        0.6651905179023743,
        0.8159337639808655
    ],
    "autovacuum_naptime": [
        1.0,
        312931.51185387373
    ],
    "vacuum_freeze_min_age": [
        842827498.9128113,
        855485022.0680237
    ],
    "vacuum_cost_page_miss": [
        6919.171214103699,
        8426.634073257446
    ],
    "geqo_generations": [
        2673.526611328125,
        3290.97705078125
    ],
    "max_replication_slots": [
        179068.19190645218,
        218581.0880511403
    ],
    "max_wal_size": [
        3498.049737930298,
        4728.1243534088135
    ],
    "cpu_index_tuple_cost": [
        1.6395031213760376,
        3.4181056022644043
    ],
    "statement_timeout": [
        34940.84375,
        44819.94921875
    ],
    "enable_indexscan": [
        0.2240912765264511,
        0.3736775517463684
    ],
    "from_collapse_limit": [
        353.6766517162323,
        430.6706014275551
    ],
    "max_locks_per_transaction": [
        13.09608584176749,
        88.76270216703415
    ],
    "max_pred_locks_per_transaction": [
        118.38060510158539,
        194.05076736211777
    ],
    "autovacuum": [
        0.4826299548149109,
        0.4848083555698395
    ],
    "effective_io_concurrency": [
        878.949761390686,
        1000.0
    ],
    "standard_conforming_strings": [
        0.7770497798919678,
        0.9277880191802979
    ],
    "cpu_tuple_cost": [
        0.5658464878797531,
        2.0729538798332214
    ],
    "enable_sort": [
        0.16294188797473907,
        0.31318366527557373
    ],
    "synchronize_seqscans": [
        0.14833290874958038,
        0.29902374744415283
    ],
    "gin_fuzzy_search_limit": [
        65523.41796875,
        85281.90625
    ],
    "autovacuum_work_mem": [
        398132.97343978286,
        556198.8429329991
    ],
    "cursor_tuple_fraction": [
        0.6290867924690247,
        0.779833197593689
    ],
    "commit_siblings": [
        722.9264974594116,
        873.6728429794312
    ],
    "effective_cache_size": [
        188373.28910401464,
        346437.66961193085
    ],
    "dynamic_shared_memory_type": [
        1.8034191131591797,
        2.0
    ],
    "autovacuum_vacuum_cost_delay": [
        46.26642522215843,
        61.49160444736481
    ],
    "enable_bitmapscan": [
        0.32468193769454956,
        0.32924598455429077
    ],
    "log_min_duration_statement": [
        40326.85362607241,
        40362.787768125534
    ],
    "autovacuum_vacuum_threshold": [
        448.3874816894531,
        461.976806640625
    ],
    "maintenance_work_mem": [
        48058.60880279541,
        56596.485538482666
    ],
    "transaction_deferrable": [
        0.6833964586257935,
        0.8341408371925354
    ],
    "checkpoint_flush_after": [
        22.349559783935547,
        35.134368896484375
    ],
    "enable_indexonlyscan": [
        0.0046478393487632275,
        0.1553880125284195
    ],
    "vacuum_multixact_freeze_table_age": [
        365147471.4279175,
        666638612.7471924
    ],
    "parallel_setup_cost": [
        3172.3663210868835,
        3926.0846376419067
    ],
    "autovacuum_multixact_freeze_max_age": [
        431791159.6029997,
        554462567.6319003
    ],
    "autovacuum_freeze_max_age": [
        100000.0,
        256748611.83017492
    ],
    "temp_buffers": [
        32161.979100704193,
        42026.057054281235
    ],
    "wal_compression": [
        1.3850659132003784,
        1.401364803314209
    ],
    "enable_seqscan": [
        0.4554700255393982,
        0.6062164306640625
    ],
    "log_rotation_size": [
        607243.0,
        765312.0625
    ],
    "autovacuum_vacuum_cost_limit": [
        8636.771625936031,
        10000.0
    ],
    "wal_log_hints": [
        0.8828019499778748,
        1.0
    ],
    "bgwriter_lru_multiplier": [
        0.7009150832891464,
        2.208367884159088
    ],
    "geqo_pool_size": [
        2980.997802734375,
        3598.384521484375
    ],
    "bgwriter_delay": [
        1335.2510803937912,
        1936.6041421890259
    ],
    "wal_writer_flush_after": [
        13463.7431640625,
        15725.0849609375
    ],
    "vacuum_cost_delay": [
        83.29679369926453,
        84.8750114440918
    ],
    "default_statistics_target": [
        893.9227605089545,
        2401.221687167883
    ],
    "geqo_threshold": [
        70.62434804439545,
        147.50474107265472
    ],
    "autovacuum_analyze_threshold": [
        278.6549072265625,
        355.83221435546875
    ],
    "default_transaction_isolation": [
        2.7048035860061646,
        3.0
    ],
    "enable_tidscan": [
        0.2159666121006012,
        0.22121913731098175
    ],
    "vacuum_cost_page_hit": [
        7884.103059768677,
        9391.533732414246
    ],
    "autovacuum_analyze_scale_factor": [
        0.0,
        9.153881669044495
    ],
    "ignore_system_indexes": [
        0.774608850479126,
        0.8563897609710693
    ],
    "shared_buffers": [
        66258.99864673615,
        86015.21951675415
    ],
    "enable_material": [
        0.008597340434789658,
        0.0715758204460144
    ],
    "bgwriter_flush_after": [
        28.29193115234375,
        40.41632080078125
    ],
    "geqo_selection_bias": [
        1.5017223255708814,
        1.5770343765616417
    ],
    "transform_null_equals": [
        0.6135060787200928,
        0.7642455697059631
    ],
    "geqo_effort": [
        1.0,
        1.9031636118888855
    ],
    "min_wal_size": [
        43.837862730026245,
        77.53075504302979
    ],
    "enable_hashagg": [
        0.6393130421638489,
        0.7900525331497192
    ],
    "checkpoint_timeout": [
        19578.729326874018,
        32597.317946255207
    ],
    "zero_damaged_pages": [
        0.0,
        0.11449496448040009
    ],
    "vacuum_cost_limit": [
        1.0,
        1035.6677268743515
    ],
    "track_activities": [
        0.0,
        0.14421722292900085
    ],
    "restart_after_crash": [
        0.11344525218009949,
        0.264189213514328
    ],
    "wal_buffers": [
        2523.50537109375,
        42040.12109375
    ],
    "vacuum_freeze_table_age": [
        782588183.8798523,
        1084080576.8966675
    ],
    "commit_delay": [
        49002.861976623535,
        64075.53553581238
    ],
    "wal_writer_delay": [
        1271.017120346427,
        2778.3037547767162
    ],
    "vacuum_multixact_freeze_min_age": [
        0.0,
        135830387.47310638
    ],
    "backend_flush_after": [
        0.0,
        19.158069610595703
    ],
    "huge_pages": [
        0.3156486749649048,
        0.6171407699584961
    ],
    "work_mem": [
        54910.679401397705,
        64778.71681976318
    ],
    "checkpoint_completion_target": [
        0.5493177771568298,
        0.7000641822814941
    ],
    "max_files_per_process": [
        3391.91304397583,
        3999.694911956787
    ],
    "full_page_writes": [
        0.7039921283721924,
        0.7277711629867554
    ],
    "max_worker_processes": [
        204.3772735595703,
        242.96798706054688
    ],
    "max_prepared_transactions": [
        107867.65101599693,
        127679.35669004917
    ],
    "wal_retrieve_retry_interval": [
        25059.20749808848,
        47667.215514451265
    ],
    "seq_page_cost": [
        67.2761619091034,
        82.35079646110535
    ],
    "enable_mergejoin": [
        0.7421862483024597,
        0.8929318785667419
    ],
    "wal_receiver_timeout": [
        18188.875,
        28067.779296875
    ],