{
    "wal_level": [
        0.39163973927497864,
        0.5190276503562927
    ],
    "bgwriter_lru_maxpages": [
        28.124377131462097,
        155.512273311615
    ],
    "geqo": [
        0.161825492978096,
        0.2892133891582489
    ],
    "lo_compat_privileges": [
        0.7264860272407532,
        0.8538739085197449
    ],
    "archive_timeout": [
        734912767.3155591,
        871694463.1881713
    ],
    "enable_nestloop": [
        0.7998222708702087,
        0.9272101521492004
    ],
    "autovacuum_naptime": [
        1431464.477480054,
        1705027.6595448256
    ],
    "vacuum_freeze_min_age": [
        211893752.2172928,
        339281648.3974457
    ],
    "vacuum_cost_page_miss": [
        135.37274673581123,
        1409.2516899108887
    ],
    "geqo_generations": [
        552.280517578125,
        1074.061279296875
    ],
    "max_replication_slots": [
        200156.65833503008,
        200908.1398433447
    ],
    "max_wal_size": [
        5443.678123474121,
        6483.163234710693
    ],
    "cpu_index_tuple_cost": [
        0.738625168800354,
        2.7768313884735107
    ],
    "statement_timeout": [
        42168.8125,
        42650.89453125
    ],
    "enable_indexscan": [
        0.11527258157730103,
        0.24266047775745392
    ],
    "from_collapse_limit": [
        341.01819610595703,
        406.11343389749527
    ],
    "max_locks_per_transaction": [
        147.41358697414398,
        211.36231833696365
    ],
    "max_pred_locks_per_transaction": [
        55.881841242313385,
        119.83056512475014
    ],
    "autovacuum": [
        0.0,
        0.12029406428337097
    ],
    "effective_io_concurrency": [
        93.1520164012909,
        220.5398976802826
    ],
    "standard_conforming_strings": [
        0.4049732983112335,
        0.5323612093925476
    ],
    "cpu_tuple_cost": [
        3.9351886510849,
        5.209067463874817
    ],
    "enable_sort": [
        0.049847330898046494,
        0.1772352159023285
    ],
    "synchronize_seqscans": [
        0.13761472702026367,
        0.26500263810157776
    ],
    "gin_fuzzy_search_limit": [
        65876.296875,
        82573.28125
    ],
    "autovacuum_work_mem": [
        122038.42888575792,
        255614.4312736392
    ],
    "cursor_tuple_fraction": [
        0.2724621593952179,
        0.399850070476532
    ],
    "commit_siblings": [
        901.6096591949463,
        1000.0
    ],
    "effective_cache_size": [
        434846.02279907465,
        568421.7704111934
    ],
    "dynamic_shared_memory_type": [
        0.6958550214767456,
        0.950630784034729
    ],
    "autovacuum_vacuum_cost_delay": [
        87.35297256708145,
        89.28019535541534
    ],
    "enable_bitmapscan": [
        0.2734420597553253,
        0.400829941034317
    ],
    "log_min_duration_statement": [
        36795.9442807436,
        45144.56776243448
    ],
    "autovacuum_vacuum_threshold": [
        438.9906005859375,
        504.21319580078125
    ],
    "maintenance_work_mem": [
        331222.9748535156,
        464668.40466308594
    ],
    "transaction_deferrable": [
        0.879732072353363,
        1.0
    ],
    "checkpoint_flush_after": [
        15.90550708770752,
        48.516807556152344
    ],
    "enable_indexonlyscan": [
        0.8218823075294495,
        0.9492701888084412
    ],
    "vacuum_multixact_freeze_table_age": [
        1503255248.0697632,
        1524516463.2797241
    ],
    "parallel_setup_cost": [
        49.58624951541424,
        686.5257024765015
    ],
    "autovacuum_multixact_freeze_max_age": [
        1008440803.1958342,
        1263215291.8750048
    ],
    "autovacuum_freeze_max_age": [
        726452611.8278503,
        981215635.5977058
    ],
    "temp_buffers": [
        57307.10283303261,
        65536.0
    ],
    "wal_compression": [
        2.9214084148406982,
        3.430959939956665
    ],
    "enable_seqscan": [
        0.7876338958740234,
        0.9150217175483704
    ],
    "log_rotation_size": [
        8345.904296875,
        141921.75
    ],
    "autovacuum_vacuum_cost_limit": [
        3402.7095252275467,
        4676.716023951769
    ],
    "wal_log_hints": [
        0.6967085003852844,
        0.8240963816642761
    ],
    "bgwriter_lru_multiplier": [
        6.069663166999817,
        7.343541979789734
    ],
    "geqo_pool_size": [
        3004.42529296875,
        3526.2060546875
    ],
    "bgwriter_delay": [
        3035.356371998787,
        3543.634018301964
    ],
    "wal_writer_flush_after": [
        0.0,
        3547.094482421875
    ],
    "vacuum_cost_delay": [
        22.92960286140442,
        35.66839098930359
    ],
    "default_statistics_target": [
        5757.816309630871,
        7031.567734539509
    ],
    "geqo_threshold": [
        42.22285185754299,
        107.19067510962486
    ],
    "autovacuum_analyze_threshold": [
        213.01637268066406,
        278.2389831542969
    ],
    "default_transaction_isolation": [
        1.1523137390613556,
        1.5344774723052979
    ],
    "enable_tidscan": [
        0.07734880596399307,
        0.20473667979240417
    ],
    "vacuum_cost_page_hit": [
        5992.29633808136,
        7266.175150871277
    ],
    "autovacuum_analyze_scale_factor": [
        18.68072748184204,
        31.41951560974121
    ],
    "ignore_system_indexes": [
        0.2717539668083191,
        0.3991418480873108
    ],
    "shared_buffers": [
        96729.8489189148,
        113424.79508781433
    ],
    "enable_material": [
        0.3055966794490814,
        0.4329845607280731
    ],
    "bgwriter_flush_after": [
        0.0,
        19.167184829711914
    ],
    "geqo_selection_bias": [
        1.8445789813995361,
        1.908272922039032
    ],
    "transform_null_equals": [
        0.8128324747085571,
        0.9402203559875488
    ],
    "geqo_effort": [
        4.004147857427597,
        5.150638788938522
    ],
    "min_wal_size": [
        161.62184524536133,
        190.15673065185547
    ],
    "enable_hashagg": [
        0.041397903114557266,
        0.16878579556941986
    ],
    "checkpoint_timeout": [
        12943.437059372663,
        23945.92965245247
    ],
    "zero_damaged_pages": [
        0.6370242834091187,
        0.7644121646881104
    ],
    "vacuum_cost_limit": [
        2820.952871263027,
        4094.704296171665
    ],
    "track_activities": [
        0.7417564392089844,
        0.8691443204879761
    ],
    "restart_after_crash": [
        0.09557299315929413,
        0.22296088933944702
    ],
    "wal_buffers": [
        -1.0,
        18043.44921875
    ],
    "vacuum_freeze_table_age": [
        1128467917.4423218,
        1383243680.0003052
    ],
    "commit_delay": [
        98453.3965587616,
        98899.73998069763
    ],
    "wal_writer_delay": [
        1827.9197422713041,
        3101.671316176653
    ],
    "vacuum_multixact_freeze_min_age": [
        755985915.6608582,
        793336629.8675537
    ],
    "backend_flush_after": [
        220.71546936035156,
        253.32675170898438
    ],
    "huge_pages": [
        1.652599811553955,
        1.9073755741119385
    ],
    "work_mem": [
        36677.80703353882,
        45018.150299072266
    ],
    "checkpoint_completion_target": [
        0.0,
        0.11418098956346512
    ],
    "max_files_per_process": [
        1386.7007942199707,
        1900.328851699829
    ],
    "full_page_writes": [
        0.5509911775588989,
        0.5787860751152039
    ],
    "max_worker_processes": [
        5.780324459075928,
        38.391624450683594
    ],
    "max_prepared_transactions": [
        108427.89887881279,
        141821.7402409315
    ],
    "wal_retrieve_retry_interval": [
        68891.79628250003,
        87999.85555678606
    ],
    "seq_page_cost": [
        8.96504744887352,
        9.608477354049683
    ],
    "enable_mergejoin": [
        0.7540854811668396,
        0.777003288269043
    ],